Id	Key	Ngram	Holistic	Score
1	0.20704925260772053	22.647238790621138	1	1
2	0.09537557312384962	18.3088987809576	0	1
3	0.0898126502061048	9.774004663207451	0	1
4	0.024922285128020583	3.1714625845430797	0	0
5	0.09388658297038688	14.00446563240681	1	2
6	0.0655741290779995	6.927496931173403	0	1
7	0.06877315799643854	27.418711119050993	3	1
8	0.2958005559199302	25.578871294908105	3	3
9	0.32809386297824933	21.370526897423176	2	3
10	0.09636481403414654	14.92980819863644	0	2
11	0.02034384122231266	3.9390244630334146	0	0
12	0.4132839618469823	14.92882150809362	3	3
13	0.18354594092849594	11.875233345086286	1	2
14	0.003803350326971754	2.322188187629364	0	2
15	0.036414792372187005	14.016155859963908	2	0
16	0.0028704621617231417	0.9762626262626263	0	0
17	0.36006000276095007	21.70314668561572	2	3
18	0.03579227764541183	16.485341611881182	0	0
19	0.13861101660212471	15.44831440918902	0	0
20	0.9125429451464167	19.93770999812021	2	3
21	0.14625530638060252	15.249520431408975	0	0
22	0.2784433052026023	16.87461394814336	1	2
23	0.05803057264624159	7.721095326242384	0	0
24	0.363207925685595	18.66333054200701	3	3
25	0.044208320680066714	5.46302440100394	0	1
26	0.18886731065394408	22.631382506382497	3	2
27	0.114327451865683	9.305879088232029	1	2
28	0.04463463883032681	24.106588934801003	0	0
29	0.21020764694781174	6.040099644937106	0	3
30	0.3001987573397232	13.434881784881785	0	2
31	0.15794933255791307	18.63676856619547	1	2
32	0.01012112228196245	4.715788232235601	0	0
33	0.19676872637198986	8.85685588920883	0	3
34	0.48120274846624445	17.237097766354733	2	3
35	0.33648853939788453	15.86184950670245	1	1
36	0.42309764300216435	16.085848607017336	1	2
37	0.36669938464569335	19.101986472419906	1	2
38	0.14913647917060244	7.56918805738465	0	0
39	0.1263802799550796	10.788572946661183	1	1
40	0.3420938019243182	17.97345848595848	1	2
41	0.10782918752579107	13.894659269403514	2	1
42	0.4333579447802112	23.26922987143575	0	3
43	0.30732296158909816	18.68753580870454	1	3
44	0.09085108202161563	12.566156573045118	3	3
45	0.26236287495552435	8.894397581487027	0	2
46	0.03604897620196981	8.529520009798311	2	0
47	0.18757314805698766	15.417225395863163	0	2
48	0.07983387356903161	9.441512572394926	0	0
49	0.01237627929014606	3.8135503385503386	0	0
50	0.017387459563941537	17.070203081232492	0	3
51	0.35346027362567856	12.322014994809114	2	1
52	0.0960416774308632	17.153752147405395	0	0
53	0.1937758827452608	11.020645359112851	0	2
54	0.3871698685291406	17.042046270722743	3	2
55	0.053426878648415235	15.30506555707794	2	2
56	0.12761151535061618	11.702531479752508	0	1
57	0.13679314910909895	10.413394362775172	0	0
58	0.18265329174959	20.59691623735741	0	2
59	0.16209736571637348	16.062156559694923	1	3
60	0.1292815957096482	16.759173753887033	0	3
61	0.24643710237722624	13.661265776706955	1	1
62	0.13198466442083853	18.144551526904465	2	3
63	0.072773655584403	9.400398676830566	0	1
64	0.15002832094898694	13.350063484211756	2	0
65	0.11074433728527788	10.340573938445457	0	0
66	0.14611440827204025	9.243293832070922	0	0
67	0.10318886931253292	14.636914676310957	1	1
68	0.1490488238354159	23.334619472599012	0	2
69	0.14930701774958216	9.170634636747168	0	3
70	0.20617109164502628	14.740638981985393	0	1
71	0.12569074639730188	14.46611762420586	1	1
72	0.3116120310660492	19.209781390779835	1	2
73	0.1050088879471768	9.469553448787195	0	0
74	0.09057889149601564	11.028952256893435	0	1
75	0.10712127995039294	12.537904663500301	0	1
76	0.3353302159406607	29.59118014338602	2	3
77	0.2434300092394732	15.063887583005226	3	3
78	0.07152925656053571	12.598351595309463	0	0
79	0.3279635235918102	19.5429121918673	0	1
80	0.3706218611316513	21.57175438940145	0	1
81	0.08302652103141303	12.764237027162725	1	3
82	0.1456014229682228	34.18920458196773	2	2
83	0.4218869116110703	27.255603645580415	3	2
84	0.032245160435956086	6.151613664113665	0	0
85	0.07866127647665268	10.447633004250651	0	1
86	0.16765533709344585	20.387316405868695	2	3
87	0.09746673179371339	7.625186971835243	0	0
88	0.39775761734287485	15.043715094039833	1	1
89	0.06224008129216063	10.04133736341133	0	0
90	0.15975135765944193	22.056577695834317	1	2
91	0.143879912037076	22.231319987202333	0	3
92	0.22107087665113773	8.378683713087739	0	0
93	0.4034657419248492	31.024264216175972	3	3
94	0.15318500535118462	16.96834772554586	0	1
95	0.19569418840820246	23.29301993436634	0	3
96	0.2024535963282256	10.24638111458545	0	0
97	0.1386395687469965	20.890441782160043	1	3
98	0.02547878681709001	6.729734090299105	0	1
99	0.032269502857675804	3.520492721073216	0	3
100	0.13359902443201183	14.49448152896295	2	2
101	0.21257301231309061	18.04123669009084	0	3
102	0.3162729575529707	22.55805677660907	0	2
103	0.10617867984956857	19.89732185599057	3	1
104	0.05818268554375522	10.246857071601317	1	2
105	0.07242301681403847	15.266772116772115	0	0
106	0.23964506830553142	14.293033600386543	0	1
107	0.21142690935495548	14.945305979710003	3	2
108	0.24900579529188516	17.085080115962462	2	3
109	0.039919816163089115	16.928827953092657	0	1
110	0.05792958411971565	6.386903782492018	0	0
111	0.024526797559214164	2.5298227915874976	0	0
112	0.15924015875972553	7.485665538451915	0	1
113	0.2744591756153255	10.767288550802483	2	1
114	0.3431492695276783	15.184436641789581	2	2
115	0.2396373661639435	10.201901362311578	1	1
116	0.029034442716464312	5.108112084853571	0	0
117	0.0709769330402531	18.48213051138747	2	2
118	0.004073670438130463	2.9251484626484623	0	0
119	0.0705799646105558	12.924423572643388	0	0
120	0.1720451925976277	23.27712392377218	1	2
121	0.05818607010356975	16.1509833432821	0	1
122	0.3922551931257155	19.580650075982554	1	2
123	0.3520703094912811	14.842774471195186	0	1
124	0.008320089353705398	2.608118983699479	0	1
125	0.03521627093940707	5.585409688350865	0	0
126	0.945003141167813	14.618886505651211	1	3
127	0.10451932996229173	24.498576645457103	2	0
128	0.0533768797994983	5.347255767108708	0	0
129	0.09336071696498471	15.615309015889512	1	1
130	0.12496320910599072	21.578128652393353	3	3
131	0.30179217349025345	20.35216586818753	1	3
132	0.07578426682137525	8.061815961815963	0	2
133	0.48354443682678894	16.955132612485556	1	2
134	0.16435579138009207	9.05278999895873	0	0
135	0.2617740911424016	12.406697610954577	1	3
136	0.20864518460197937	19.740100177600173	2	2
137	0.13975114548018763	19.893849282177115	0	2
138	0.2445545478935636	31.372760203332952	2	3
139	0.10259965267625965	17.67579365079365	1	3
140	0.10870869427616985	16.310142145436267	1	2
141	0.25582134355063024	20.228757925081453	1	2
142	0.25626676202215015	11.842327117327116	1	2
143	0.3157384111518268	19.359130964718858	1	3
144	0.21601404054579015	9.618865998122967	1	3
145	0.1281855740991781	17.00327319739084	1	2
146	0.15652551776589255	13.33328477078477	3	3
147	0.02815145299670046	3.9353535353535354	0	1
148	0.027059196925867255	10.52485380116959	1	2
149	0.07226358817467014	4.635593029261759	0	0
150	0.18173330303934135	13.64494835230129	1	1
151	0.11668303991414862	7.899200227876699	0	1
152	0.20096594815425237	18.96642781733305	1	2
153	0.19999418827954127	9.406279504808916	0	3
154	0.07712095001614094	4.5085410575500084	0	0
155	0.14146849463125943	15.569917827270766	2	2
156	0.22335269870578375	18.307241273742484	2	0
157	0.15551698389576055	11.127804757386462	1	2
158	0.2989000712078626	21.65129867982035	2	1
159	0.05856510724375022	11.9782360813085	0	0
160	0.27107423963377447	13.738548893711098	0	2
161	0.2648139003002871	16.01690992615915	1	1
162	0.058698125791660595	19.87995249504537	1	1
163	0.10745523885407017	23.653004584854425	2	1
164	0.241504161043157	33.848853915262566	1	2
165	0.20670420060814823	18.070500577853515	1	2
166	0.08172239728124306	20.192168164652674	1	1
167	0.1903448651590916	9.862232796443323	0	0
168	0.3089444080904349	17.188968526313726	1	3
169	0.024974006388725854	2.5399561223090634	0	0
170	0.36618751620909606	12.294108750726396	1	1
171	0.09234464270459591	12.08986690983595	0	1
172	0.32457779251972063	15.864900334443675	2	2
173	0.0939295361831812	9.86826012394898	0	1
174	0.2298084068806625	25.446565567439826	2	3
175	0.22204306542430602	9.00334379672615	1	1
176	0.27206904129370274	13.79872953843542	3	2
177	0.1310520051185569	17.76829813633219	1	2
178	0.24404957131238633	6.43284876887818	0	1
179	0.12484930826925345	28.440595451160462	3	2
180	0.0055524395024213365	1.2425647881530235	0	1
181	0.08089188990511768	13.395228747860326	0	0
182	0.31850824119516385	20.047889610389607	3	3
183	0.10716564622361888	11.600211918284673	1	2
184	0.08484549097196918	16.212999023680133	0	1
185	0.030030884418033765	8.372534122224526	0	0
186	0.21391720959255667	13.451863580400396	0	2
187	0.18231675252607457	13.248413961339656	0	1
188	0.3353308940943816	14.929505461858403	3	3
189	0.013855846993706202	2.8405360835078834	0	0
190	0.3734404877529638	18.74635871375002	2	2
191	0.07270708589461441	15.745609414254247	0	0
192	0.0606606260615477	4.4745813826696175	0	0
193	0.0741251298979731	17.825812044852285	0	0
194	0.14749236273306668	12.138629915835798	1	1
195	0.26942985118615237	17.236685976151243	1	3
196	0.22562923803971513	31.528253097951232	3	3
197	0.12117445412836067	14.169602991831756	1	2
198	0.34021910410073386	11.297976713688787	1	1
199	0.9163273134310729	24.955539232009812	2	3
200	0.07329133916931722	15.913642908743185	0	0
201	0.003261474698861996	3.574285638681923	0	0
202	0.11566484243226234	10.758936630105364	1	1
203	0.01762271681668799	2.5048699666346725	0	0
204	0.1040099479289549	13.238314463314467	0	3
205	0.20715318515206912	16.543347175700116	1	2
206	0.08701978770600848	11.3371225996226	1	3
207	0.22502586646241102	11.685747585747587	1	2
208	0.06243873624408015	22.08401194179057	0	0
209	0.39040425064615236	14.874817747611864	1	3
210	0.14984938695844247	15.055480630480627	0	1
211	0.08897294721358001	24.43750713510775	2	3
212	0	0.34090909090909094	0	0
213	0.11845337267492115	12.01938027423288	1	2
214	0.15388995097355704	25.070714906009016	1	2
215	0.3290753585967404	18.180208925061866	2	2
216	0.11135182250183367	26.052067159295582	3	2
217	0.07126286373905362	10.086287568640511	0	1
218	0.09176232845253504	10.687906764082898	0	1
219	0.2766752243956481	33.06202253628723	1	2
220	0.11515258159802971	5.788255542224785	0	0
221	0.08917548758773916	15.150869728415493	0	2
222	0.1755894007048644	18.397617741735388	0	2
223	0.06450878752912985	6.645182595182595	0	1
224	0.07942751404156978	24.17044649966476	2	2
225	2.0327630908325048e-19	0	0	0
226	0.15626766804515355	19.481312718928805	0	1
227	0.2668338044064853	12.63015254633642	0	1
228	0.23987119183389025	10.318864305629013	0	3
229	0.19139062710157081	20.70086147512618	1	2
230	0.012375404913735434	4.0900814227052615	0	0
231	0.29153811579649874	42.081534478593284	1	2
232	0.13175334731929472	17.456203394129087	1	2
233	7.035613056860072e-05	1.5723751523674125	0	0
234	0.05605096044826483	12.569596827545407	0	1
235	0.05979365308680432	10.162493552199434	0	0
236	0.14335045551750208	11.154766148883796	3	3
237	0.06627756413258844	10.294841012101076	0	0
238	0.1529706236504538	24.035818103465157	1	1
239	0.07800631762816439	24.087991493370744	1	3
240	0.2757735258347733	16.10091589267286	0	2
241	0.23389812756369355	20.834217508086798	2	3
242	0.2139564095052567	16.59873373960061	2	2
243	0.20312027400552343	17.43995661201543	1	2
244	0.14131678088924166	17.659806898467885	2	2
245	0.34019588786261773	19.11273413978522	2	3
246	0.10771706223612126	12.884236865869655	0	0
247	0.12178513312952827	17.29474177353434	1	1
248	0.10492803176861445	23.333821098062568	0	1
249	0.18233644112487557	15.756839052984226	0	2
250	0.09066469883582534	6.155527805527806	1	1
251	0.0628063010125982	6.038326521259958	0	0
252	0.12666669461632085	12.799282661782664	1	3
253	0.13296045268639284	13.21884267693091	0	1
254	0.12330812821165055	26.00127840276413	3	3
255	0.20154695688398605	12.477695133383985	0	2
256	0.13989548483241138	13.376973679914855	1	3
257	0.29282975461041677	15.05624963272022	0	2
258	0.3960748030380552	16.03425594013829	1	2
259	0.3968856979945479	30.711865993483638	3	1
260	0.2564798337939675	18.444456768721476	2	2
261	0.0638938116294318	6.178066622919566	0	0
262	0.2591683434527578	20.712282570370803	0	0
263	0.14075563607933128	7.367861795067678	0	0
264	0.06675048501805242	14.30081470816765	0	0
265	0.2719438394637535	28.248535163666737	2	3
266	0.1216309742950264	11.12214248450283	0	1
267	0.09176983448980865	17.88596977628644	0	1
268	0.052146792677154365	15.116775497464351	0	1
269	0.03593432768841313	10.41774638759933	0	0
270	0.11886426884505309	19.444193551546487	1	3
271	0.11483722662094267	15.989572355748827	0	2
272	0.23812493622489997	22.398898624595216	3	1
273	0.35879984163310646	11.135362551964722	0	1
274	0.25366796939398906	19.236187135877536	1	1
275	0.2797084355703112	12.762554254311222	0	1
276	0.15228210265436382	11.417497921754888	0	1
277	0.15683283582627475	14.435396874367461	0	2
278	0.03742800479236646	5.7949494949494955	1	1
279	0.349551056967159	14.849937874527317	1	1
280	0.3092595854096612	17.652669879140465	1	1
281	0.1459493990866931	17.035665641547993	2	3
282	0.0662785450549032	14.933434857009697	0	1
283	0.06224008129216063	4.539291264291264	0	0
284	0.06329143995139569	8.57458440252558	0	1
285	0.23564773123966476	11.510240348746539	1	1
286	0.1343022648297918	10.033344433344432	1	2
287	0.22024934862053683	15.704917549770487	0	2
288	0.04333247461995621	5.87682628539406	0	0
289	0.29379544692172826	14.61882250297077	2	2
290	0.23773628724984688	13.45654949625538	0	1
291	0.11687903862255565	15.465223398892128	1	3
292	0.32098586186467737	9.491139819932389	0	0
293	0.10090837804201024	7.66682311496553	0	1
294	0.0442739037532537	11.524036015808127	0	1
295	0.2975123433824102	13.434191706985821	1	1
296	0.052164963257578335	12.216173369114546	2	0
297	0.29951731147029237	21.602678795457088	0	1
298	0.26843321827932826	13.922206633236044	3	2
299	0.10151378924699173	12.707991808897047	0	1
300	0.0917993027756212	12.950748387319592	0	1
301	0.33545504879751825	11.79366907602202	2	2
302	0.24646447833066604	14.583398953987189	0	3
303	0.3595120492862819	15.56581900211931	3	3
304	0.2517867261945041	9.896211446791941	0	1
305	0.29235894118277084	15.420494452228194	1	2
306	0.06597899221807599	4.395669207178159	0	0
307	0.07846477333046968	16.525343670777104	1	2
308	0.3043129607559443	14.944054719790014	1	1
309	0.08820278167278359	13.45442898604663	1	2
310	0.051543474757639256	14.424408924408924	2	0
311	0.12676562784979334	13.750828501563795	1	2
312	0.17959972662520482	13.848612803605064	1	1
313	0.1265361746790773	26.542190597948427	3	3
314	0.08910138104380626	6.484313154166096	1	1
315	0.04374104984070496	8.578271358844116	0	0
316	0.1952118662778567	16.498543130640314	1	1
317	0.03105052184990194	4.310743973089174	0	0
318	0.04840317993719298	18.58897690716576	0	1
319	0.2781603554652533	16.812939511468922	1	2
320	0.022162463416638974	5.16525484319602	0	1
321	0.0630088765037927	4.307861376669425	0	2
322	0.09728032320042515	13.952443798032032	0	3
323	0.18974282083942365	36.35036454343729	1	2
324	0.2957663871432891	13.780814528608648	1	2
325	0.15625251382540042	31.52070307143835	3	3
326	0.07140297313491788	19.13865367260878	1	1
327	0.028375949717153376	14.410125985125985	1	3
328	0.3336839129475766	13.136007757292585	1	2
329	0.23305953999872528	27.12205312018711	3	2
330	0.16673930072320492	19.211290588496468	1	2
331	0.04477712745809332	5.930478511221208	0	0
332	0.20857669101111725	24.87635488436571	0	2
333	0.009311041461259873	5.26740270953826	0	0
334	0.07449531824388154	17.018997136334594	0	0
335	0.07215858778094832	8.519022579587595	0	1
336	0.19010120411360878	9.681652171358053	0	1
337	0.3332364482804933	22.17274746667161	1	3
338	0.09857601774840588	10.47674938711249	0	0
339	0.035301464800488895	8.295143160932634	0	0
340	0.07037781803966565	5.465938622145716	0	1
341	0.15806640848482514	14.191715966576313	3	3
342	0.14300048439439939	17.499133450193487	1	3
343	0.11539109756610583	23.65365485907281	0	3
344	0.16338341144420246	10.29073712235477	1	3
345	0.13937617173371236	18.875489951225244	2	2
346	0.1342786096843085	16.411850769629407	1	1
347	0.004180757281541404	3.8649788191348295	0	1
348	0.13951923301012584	7.678853722816572	0	0
349	0.09395038537367573	15.246008648214527	1	2
350	0.052426710368213995	16.750400025670917	0	1
351	0.17641601228097964	23.92283465588418	0	2
352	0.03923134349322256	3.852562796680443	0	0
353	0.1321151182320373	10.172119216352963	0	0
354	0.08007673795887237	22.477209391915274	1	1
355	0.3552119979315111	15.14879815317122	2	2
356	0.3899591873879826	16.635535865063723	0	2
357	0.2809422108030633	9.14677650780592	1	1
358	0.049692731214373446	4.412891765097648	0	0
359	0.2828040794489233	8.93445467930762	1	3
360	0.24856855246914747	27.802944153369847	1	1
361	0.4478219309887846	19.141050534432885	3	2
362	0.1775442076281397	32.25698340038088	3	3
363	0.08877848391382033	12.335018004870948	1	2
364	0.02635041819791744	3.5200793487558197	0	3
365	0.2411205642979145	22.294841321389306	2	3
366	0.15886070101572428	19.994652281842676	2	2
367	0.26422250676022235	13.111200564141742	1	3
368	0.011640943574527926	2.4699916984124144	0	0
369	0.09971763847602974	10.335825998906493	1	2
370	0.13854909520333655	14.1918028050381	1	2
371	0.029435918778205047	3.4450145013225506	0	0
372	0.05719027195143334	6.186409529807025	0	0
373	0.22194221242542214	9.3393995881999	0	1
374	0.12709188594045243	22.98518587106047	0	0
375	0.08412611191651866	15.316551310746355	0	1
376	0.027454226534172402	4.930906387214437	0	0
377	0.16434036491655715	22.24220712058913	2	2
378	0.16700343762495035	21.894616483036852	3	2
379	0.1859366376012899	12.61705185509365	0	1
380	0.3122578347021625	13.775334166177817	0	1
381	0.21278736446993202	10.205989517018928	1	2
382	0.3742871436436484	13.414806963762071	0	1
383	0.3293166946166977	18.029871272518328	1	2
384	0.24062313297806442	12.084350779939015	1	2
385	0.003261474698861996	2.7243314691844103	0	0
386	0.08137922584459753	17.576641903847783	1	1
387	0.000983115007069312	1.1819356082513977	0	0
388	0.05026113913328114	9.693095629860338	0	0
389	0.5072907348478919	17.698648328795386	1	2
390	0.40984742277001845	18.34934834967309	1	3
391	0.3473693932943896	20.141466088950608	1	2
392	0.08940593273020556	5.453038198471634	0	1
393	0.2000794325281368	10.990365190365193	3	3
394	0.05603537545190613	17.292235055330686	0	1
395	0.296099901453516	25.012403016659974	3	3
396	0.06014195317881836	18.333935590553242	2	0
397	0.16410878800680523	13.411147431000373	0	1
398	0.32053061733281085	21.175744435303255	1	2
399	0.12613394419099824	13.472792322057028	0	2
400	0.1493170602294647	12.82290919434882	1	2
401	0.3187988391545275	10.65567110478101	0	1
402	0.15644351301440715	15.234547315429666	0	2
403	0.15303578445569518	14.653971574521108	0	0
404	0.05977500645731282	13.012490059819779	0	0
405	0.1009828465469161	35.57428816453583	1	2
406	0.21163991926536807	23.23859046869882	3	2
407	0.10124780575620695	7.803227345410009	0	0
408	0.07909525343665971	7.193352459374132	0	0
409	0.1654249390007683	12.543590186043746	2	2
410	0.033927624585275894	6.7851598951444165	1	0
411	0.044122811377953104	9.962711205203465	0	0
412	0.29061893877135575	13.585809043897278	1	2
413	0.031913938334957474	6.545853634669424	0	0
414	0.003084512329424892	2.2625799037563743	0	0
415	0.12052626823610252	32.94377529934804	1	3
416	0.324421425674149	13.51403208504602	1	1
417	0.12576369215536626	24.08044341279635	1	3
418	0.07894409297181171	14.77413714338637	0	1
419	0.2226612932856536	21.76679696722266	1	1
420	0.2895561993210565	8.492493961147211	0	2
421	0.1718604701720164	27.548199870753372	1	3
422	0.18804713352784092	22.732468003497072	1	0
423	0.9464594399631753	14.291058941058939	1	3
424	0.2872316105853658	14.573707093560035	0	3
425	0.05884364419305331	8.988135379636594	0	0
426	0.11442060402518209	5.0130083641848335	0	0
427	0.06432724269080846	7.137986047768655	1	1
428	0.11935509999835457	33.3384210560681	3	3
429	0.0025173876201229073	0.5567884729649435	0	0
430	0.1546609499266111	15.373950967333318	1	1
431	0.04600480687262775	5.410545968479405	0	0
432	0.04401696526911575	6.255366670653048	0	0
433	0.27920437329379755	10.700944848289714	0	1
434	0.15409086669239971	12.997677389913893	1	1
435	0.06234753604865343	5.612053224553224	0	0
436	0.0729682286421139	18.28176222642167	0	0
437	0.04011109704267834	6.554645177028741	0	1
438	0.021292579093486072	4.777317127317127	0	2
439	0.11724630450242388	15.472254031658053	0	2
440	0.24235765636223305	7.392730716995422	1	2
441	0.2984509919240187	17.28798133840703	0	2
442	0.24279365219590632	22.808486595676992	0	2
443	0.0767690539437568	18.960157201759365	1	2
444	0.12413498478764813	12.472516046045458	1	2
445	0.3556455471449559	8.661058098248501	0	1
446	0.1052173694999638	17.666245908598512	2	2
447	0.08839345717801744	12.30243743894639	1	1
448	0.17337089261367666	9.254525557002339	1	1
449	0.0744241665112852	12.120342939961349	2	3
450	0.1500705418422917	24.796878890803026	0	1
451	0.04124969340214411	2.743517387325437	0	0
452	0.17967155476687088	15.386459373959372	1	1
453	0.14115413361359713	16.186878193186246	2	0
454	0.12379055210243609	22.1951012223071	3	3
455	0.09200037166285348	16.57396508290471	1	1
456	0.04048289708255069	7.721795932825345	0	0
457	0.06372407972928104	9.386265630654176	1	0
458	0.3268937123906831	42.55932884195267	3	3
459	0.2626802775707265	22.83588502570701	3	2
460	0.03576460143269228	8.929703572179006	0	0
461	0.08627107190964929	21.510745262014268	2	3
462	0.10027690636337643	15.668071062924001	1	3
463	0.24102753565919433	11.566323953823954	1	1
464	0.22994895948592847	20.38367286308462	3	3
465	0.1152250231652884	16.12054954849072	0	0
466	0.38826724893911674	12.445278169542878	1	3
467	0.1327039535273633	12.28838486934462	3	3
468	0.4038301134845992	14.812494630412584	1	1
469	0.3467795659280633	20.184719283983984	3	3
470	0.061184904849584575	11.044110488978575	2	0
471	0.11194204045833128	16.030052039912043	1	1
472	0.20547867065366274	25.471550034297366	2	2
473	0.14049617758262417	7.815343703424199	0	3
474	0.1652053370055656	25.774822215108582	1	1
475	0.05149396708543935	8.193072539140314	0	1
476	0.18983122389401605	22.979453939593256	0	2
477	0.22636883591581677	25.580503728297835	1	1
478	0.15311899233357185	24.32492694765039	0	1
479	0.141465936365981	6.459685412626589	0	2
480	0.3953162179270456	13.608384997355582	1	2
481	0.06823370347803781	6.758952975129446	0	1
482	0.32614500798763735	10.901280337309752	1	1
483	0.19424714934450005	17.609393178201227	3	2
484	0.03882723708179067	23.922149500825963	2	0
485	0.02265022672648272	5.207287092852108	0	0
486	0.07473616495283703	8.149839904677368	0	0
487	0	0	0	0
488	0.10947653565332927	17.923370540708	3	0
489	0.01653513675856832	12.266625449713684	0	1
490	0.16313543210886788	8.649397661162368	1	1
491	0.20591702782296653	12.771571239218298	2	2
492	0.049099659605884076	16.852165318341786	0	1
493	0.0989031863970054	9.658642883604186	0	1
494	0.34679475283354877	16.352417747595428	1	1
495	0.31426789142848577	24.184912550469825	1	2
496	0.09553783745123766	18.04020993196689	1	2
497	0.09137853090027137	13.877914369996079	1	0
498	0.21602928118008724	9.700540390981567	1	1
499	0.1504600533118903	9.231825527413763	1	3
500	0.2627043937536952	25.005931443857133	3	3
501	0.2037175337682731	13.485387750364533	0	1
502	0.4031505039793707	19.89830202477261	1	1
503	0.10650912005946826	10.704056027391943	0	2
504	0.05737700342584514	17.8325872227188	1	2
505	0.2108487675135258	9.509511322011322	1	3
506	0.12078002151945333	23.591897726456548	2	1
507	0.1709187335235312	22.734414521890955	2	2
508	0.3190318006539567	14.365916333408588	3	2
509	0.0891010057766593	37.50434059404646	2	2
510	0.2047384974779354	9.963891337420748	1	1
511	0.3902959912674207	25.7326894081151	1	2
512	0.041792997145148295	6.182857682393285	0	0
513	0.12574865125820237	26.168111049821228	0	2
514	0.2354428157163675	19.079601117836408	1	3
515	0.3173636874798345	14.275183803124978	1	3
516	0.3088974927163955	23.50994201876554	1	3
517	0.06312425685207461	22.88978593066794	0	1
518	0.21518594565679844	19.494943947745462	1	1
519	0.15449766208199153	18.558523476867126	1	3
520	0.005761039982242449	4.341646098999041	0	1
521	0.1483213188407274	18.332348370583656	1	1
522	0.020337705843951965	3.097253052245312	0	1
523	0.2535811275020083	14.537156144509083	1	2
524	0.04623316881569452	8.995006953830483	0	0
525	0.06831648096113928	8.336695799041001	0	0
526	0.20162482388729383	29.186715082303316	3	2
527	0.17566735889004984	8.041282002311414	1	3
528	0.3806835751363826	18.137783585747645	0	2
529	0.22479201639279955	9.863800453932035	1	3
530	0.3077118234030374	30.43622001493518	3	1
531	0.21106921704874812	29.209972870266988	1	2
532	0.01647747182930448	2.253435112583383	0	2
533	0.05606531671523076	25.27826256560776	0	0
534	0.4266642611747508	24.59819673790262	2	3
535	0.018415384916073793	4.469988575460375	0	2
536	0.1753241185403917	20.79199581658526	1	1
537	0.22738612304909625	30.970215487127238	1	3
538	0.013669055056015983	2.7757971990170134	0	0
539	0.291095904647593	13.739310727971716	1	2
540	0.1085237232175419	14.975840825840823	1	2
541	0.13403644846421758	17.739140748312572	0	2
542	0.0611819007845817	16.670084409054997	1	3
543	0.09601536526150638	13.596048048099131	0	1
544	0.21498776266366848	20.062440337440336	1	2
545	0.04917916226107981	17.06025861393508	2	0
546	0.4127131734801517	14.688780337309748	1	1
547	0.36089205765194665	12.132982540335481	1	2
548	0.07345811611869316	18.76523086177817	0	2
549	0.05715582099843282	9.451119024444843	0	0
550	0.10741517870989421	9.043374925727868	1	1
551	0.06817074692421282	23.75452755729037	0	2
552	0.1785261898983325	21.80070052496523	1	3
553	0.3178318233576138	7.897955312661194	0	0
554	0.2236457802823536	12.558227112808822	0	0
555	0.2594405782100977	25.610286913808576	2	3
556	0.41117247824760533	13.437190083103062	3	2
557	0.042979397687105965	6.976168588258034	0	0
558	0.5975523701130131	19.055542415101236	1	2
559	0.25229642243150957	19.43008013228601	3	3
560	0.16989405128287358	19.41089679434846	0	1
561	0.07447078562414056	11.620828333173534	0	1
562	0.10468940071317748	20.356914653973472	1	1
563	0.25917845989357174	12.419090468355176	1	2
564	0.2351875807344817	12.68976200270318	0	1
565	0.11346446511593332	11.077488279694164	2	3
566	0.18702265370720003	18.340689637254037	3	2
567	0.3830709583334269	18.67445203575234	1	3
568	0.21861394260775613	15.927048806886262	0	2
569	0.0636841205318367	19.120000905527217	1	1
570	0.10529937173972724	13.808419457219763	1	1
571	0.23312078461930974	20.89074617762698	1	1
572	0.19963138816796563	17.86756272623145	0	0
573	0.12554747999069873	26.642899665693776	1	2
574	0.0020982184180809026	2.2239972445854796	0	0
575	0.07688612657751712	8.924625374625375	1	1
576	0.23623632155462376	20.107132246838127	1	1
577	0.27690217270143125	19.823545596354855	2	3
578	0.24352420272818556	39.26197009755024	2	3
579	0.44630997170461123	17.884631352927887	1	2
580	0.034204508188013495	14.168712853194274	0	0
581	0.13945886495061205	10.373809931898169	1	1
582	0.029139967068829074	6.3051797544747465	0	1
583	0.1390923286093512	6.19828431372549	1	1
584	0.12969788474878008	11.929878291642998	0	1
585	0.10696110632647819	12.579756719888296	0	2
586	0.05131452913585619	10.164082116713697	0	0
587	0.42459872271707	25.92935061154875	2	3
588	0.3087279361290344	22.601910262939665	3	3
589	0.22705315082332517	15.353023202287902	1	2
590	0.08753328691246602	9.829298397680748	0	1
591	0.2931266115027393	12.87048507048507	1	2
592	0.36592138230916205	24.644646285087454	1	2
593	0.17032532250037782	32.63708952146998	2	3
594	0.16855402524897073	22.68848370113008	0	2
595	0.0837588799300129	11.362236658250591	1	1
596	0.12347120829540734	15.52281463806231	1	2
597	0.22814320156694312	20.67123893048815	1	2
598	0.042262371866123714	5.605995141358245	0	0
599	0.08695024460339693	22.162805732727648	3	2
600	0.049016078802749274	6.075166293974343	0	1
601	0.22996880975371095	11.90290726215649	1	2
602	0.28945091801847533	22.04831940934882	2	2
603	0.2403682787410934	19.805281156751736	3	3
604	0.18153257627791955	22.092558177116995	1	2
605	0.3239665185113939	17.324110611610607	1	2
606	0.2100935912245067	22.1465836236347	1	2
607	0.3857602773983907	25.583219536741204	3	3
608	0.20247469739337648	13.426339903870526	0	2
609	0.2608884644445484	19.041308051253864	0	1
610	0.10488043846078007	14.216593515703423	0	0
611	0.0915389037981381	8.806736319236318	1	2
612	0.06919126361859966	12.517028147291304	2	2
613	0.03790624535907935	3.010866910866911	0	0
614	0.10499901541839392	18.562458456576096	1	2
615	0.16322104676679963	12.98589835087513	2	2
616	0.3201434798189188	13.318939972360688	1	3
617	0.2985778334702601	18.305071863121398	1	2
618	0.5141674464284942	15.198666813063095	1	1
619	0.08405505679137128	4.551992284461325	0	1
620	0.061938817210090945	15.956214920718885	0	1
621	0.25048886668987064	9.285151140569099	0	0
622	0.08902842085963161	9.682360903854375	0	0
623	0.12765382277300405	18.62854315297779	1	2
624	0.21993783874389344	14.128141147003038	2	2
625	0.112407511705685	18.322709561680146	1	3
626	0.2026037085149641	5.772067556626379	0	0
627	0.1676426931928418	23.96088905355125	2	3
628	0.35834678737066367	13.591959919165799	1	2
629	0.1329174762669188	15.457511769276476	1	2
630	0.211082567000484	14.500409557762499	3	2
631	0.1549706360016471	12.227624619962082	0	2
632	0.12078325003743666	9.180190479455185	1	3
633	0.15687403391002405	16.015842447885785	1	2
634	0.01804766553082883	5.384229659229659	0	0
635	0.23417184999247845	16.78811049631483	3	1
636	0.23353810370787267	14.0449891199272	0	1
637	0.03555091998902228	9.091864301848824	0	0
638	0.315876205978107	18.53817489699842	3	3
639	0.29122109596981227	16.863587222479733	3	3
640	0.3781867035616125	16.804671712876043	0	2
641	0.26392298646914897	9.426208552369545	0	0
642	0.115509692734197	16.03161495968771	0	1
643	0.45444834554475455	14.50179812018047	1	3
644	0.05298656552473786	8.794497001966043	1	1
645	0.09164475820700568	4.100883816905489	0	2
646	2.0610276015543413e-05	1.1621794871794873	0	2
647	0.17962607405071865	22.91428022441954	2	3
648	0.28589795131625284	10.530287604552308	1	3
649	0.33718257551416236	24.08914871248462	3	3
650	0.030528188777505724	4.2957345544032846	0	0
651	0.3454462212608834	24.288255084269004	3	2
652	0.21558157949447648	23.206530333271807	3	2
653	0.3309654742911208	12.809577134289409	1	1
654	0.2571985393072894	16.94474504253916	1	2
655	0.3745116283921904	20.282085948107618	1	2
656	0.1821631180315768	10.922614782018806	1	3
657	0.31955935627755344	20.09258193497324	2	2
658	0.3331242260630146	20.88367221014279	0	2
659	0.40249938394778934	17.233625808316205	1	2
660	0.06540264448443527	6.323902177114251	0	0
661	0.14151866128550333	17.94322538057058	0	1
662	0.07342635558216402	25.071907384019028	3	2
663	0.3567305381689131	15.10999621293739	0	1
664	0.07885822972689169	8.204954568359806	0	2
665	0.28793237669868893	22.13134848878555	0	1
666	0.24201252655389646	10.71926590351513	3	1
667	0.20251826642150192	11.658851116204058	1	2
668	0.047592542588475	12.436510342083096	0	0
669	0.044800850447849365	10.578334129974662	0	0
670	2.0610276015543413e-05	1.8327995533877885	0	0
671	0.2898744431257915	18.47261202849438	0	1
672	0.2567003823288495	17.54791160421965	1	2
673	0.2269289302318667	13.140728079969566	0	2
674	0.33639522990867937	16.995425627004572	1	2
675	0.3844839147742184	17.212182665975234	0	1
676	0.0015422561647124467	1.7828619909502261	0	0
677	0.38480527793955754	23.852402744314507	1	3
678	0.18022352981470727	9.763789130546098	1	2
679	0.054621135643247117	21.5756946970485	2	0
680	0.024193040728059865	4.582604731869437	0	0
681	0.2064186139680474	21.541460560423406	1	2
682	0.17417595944379421	7.897522496647547	0	0
683	0.03531857854172843	8.336813388709674	1	2
684	0.1625574134940208	18.926648270030622	2	2
685	0.05057878439898164	13.424476830359183	1	2
686	0.2741722027504056	10.401797875327288	1	2
687	0.2630810428127123	25.852876280739036	1	2
688	0.23706069170197347	25.384023779162753	0	2
689	0.12794516858375374	15.98185311420605	3	3
690	0.052889108459824814	12.905879015205642	0	0
691	0.1718962105292877	11.177562952631941	0	1
692	0.3678136518133732	24.240554411637326	2	3
693	0.15925913495822716	24.404184540949245	1	2
694	0.07454286990509251	15.644557463333545	0	2
695	0.044655851503438176	17.897698662071388	0	0
696	0.07817565495403113	9.728334434967227	0	1
697	0.3438883134658609	18.465124375108893	3	2
698	0.01683641800156484	5.161521076962253	0	1
699	0.013177879590527292	7.307611832611833	0	1
700	0.44278670023303546	19.579929955665243	2	3
701	0.16893700922416308	12.937149370237606	1	3
702	0.15431122358630237	23.375893698477817	1	2
703	0.233802943922703	17.259496050904716	1	1
704	0.35766821335898213	17.87220026705321	1	3
705	0.20385483244679622	12.945123821826606	0	1
706	0.3487348300664203	17.349455498062305	3	3
707	0.22977874328740075	29.529213858896508	1	3
708	0.1221377690403979	18.26648382857327	3	3
709	0.46695880201079004	19.546908483673185	1	1
710	0.21197673120496358	12.090076426841133	3	3
711	0.03561190588549787	5.592637065601124	0	0
712	0.8280878897141156	22.12605382233864	1	3
713	0.4520112750397492	16.570692240560323	1	3
714	0.03399438083492091	5.140963121845474	0	0
715	0.15226505905708432	11.398217305570247	1	2
716	0.09908623197613059	28.542750339615658	1	1
717	0.1143153375473229	5.891457792517827	0	1
718	0.19460781861392543	12.156947037908473	0	2
719	0.07178529103277362	9.138298596828008	1	1
720	0.06542527778215723	7.98883703585716	0	1
721	0.18051554704221165	19.648986867554296	1	1
722	0.2210657331492339	12.49814176621452	0	2
723	0.0021759912066193227	5.202579365079365	0	0
724	0.03776156780137467	6.584153282218297	0	0
725	0.2066098959768839	14.911613485413792	0	0
726	0.2548764471933502	16.160455312661192	3	2
727	0.09127015641867711	28.31741068099427	3	1
728	0.2553133633106387	16.51500231794349	1	3
729	0.21761967178491098	16.860477594301116	2	3
730	0.2252321563571525	17.966910593295367	1	2
731	0.1844792074124525	15.503870149458383	1	2
732	0.07152920286538453	11.552625479096067	1	2
733	0.38080057312660287	21.40215993157169	1	2
734	0.28867420028503027	11.57409779762721	1	2
735	0.0005330867455040387	2.1759740259740257	0	0
736	0.06489054868395154	6.511573922293737	0	1
737	0.09398769245557764	7.818788847891015	0	1
738	0.082872417820054	9.841267921105382	0	1
739	0.023488599022667724	22.953057034162487	0	1
740	0.13368458092021812	15.95878965805436	0	3
741	0.0854913417664049	9.10650379032732	0	1
742	0.10670687651615453	10.812260255672896	0	0
743	0.0842639248507664	14.705909570305852	2	0
744	0.3077928046186494	21.528613788172606	2	3
745	0.14571070008263584	19.956304870179544	1	2
746	0.060998101226307055	15.447930500871678	1	2
747	0.24685297704754214	14.42112691230338	1	3
748	0.16676485199801938	12.182010146716028	0	2
749	0.12032405454639553	18.07109606080194	1	2
750	0.3382566755239482	20.799300944153885	1	3
751	0.04333315302473598	12.960186055774292	1	2
752	0.016674655673443627	2.452841499745525	0	0
753	0.3998382890537504	13.085452218284704	1	2
754	0.19505336376801102	15.085081993170228	1	2
755	0.0014352310808615708	2.81057831057831	0	0
756	0.2895797004967444	20.444673627026564	1	2
757	0.022620583771176317	5.184170901562206	0	1
758	0.2920238378348664	19.985557260301498	0	3
759	0.16541832500209108	14.279725868386858	2	2
760	0.06447471231061842	10.520789341377576	1	1
761	0.08161788596442081	4.701579221432163	0	1
762	0.27845461852942727	14.434982337923515	0	2
763	0.08691989811912212	12.472756410256409	0	2
764	0.34118674366762836	18.982435932025375	1	2
765	0.08168541378863833	9.797153949645875	0	0
766	0.05900297267018741	9.090408610996848	1	1
767	0.0744490500763055	8.9415053900348	1	1
768	0.14531115659572894	25.373387697613698	1	1
769	0.395507967760822	21.090253189363096	1	2
770	0.14766775844977467	9.05582717935659	1	2
771	0.2598667868603307	17.961591335445483	1	2
772	0.057525900953985624	12.120798658685656	0	0
773	0.24453702081098838	15.300496643878995	1	2
774	0.1220308639752868	11.642576366290864	0	0
775	0.1444874434332814	11.864526950517666	0	0
776	0.03616251222961652	12.456385447422265	0	0
777	0.18328743685363016	16.482199989552928	3	3
778	0.07616746515665472	14.676500189696785	1	1
779	0.23498742890001825	16.11034210887152	1	2
780	0.008059672165589182	4.002138837254936	0	0
781	0.2297145454720685	35.47925988681305	2	2
782	0.06845083862496959	13.685921480069414	3	2
783	0.1350076494662885	11.191638060306456	0	0
784	0.06850641701978356	9.620784279584253	0	1
785	0.3175762962813948	27.43925824048821	1	2
786	0.09825172077782125	9.217499412352355	0	2
787	0.13285121864733965	14.98333959642009	0	2
788	0.050498174137121044	15.181435149817503	3	3
789	0.11040251068125029	13.094111564390202	2	2
790	0.2283580374946944	18.898611476243055	3	2
791	0.008095408125509717	3.973522311022311	0	0
792	0.09555793327998072	8.984595078983626	0	0
793	0.2968845264535817	15.29303427051105	1	2
794	0.08881460367466558	23.013349047753064	1	1
795	0.2128475574694772	8.676683120800767	0	1
796	0.01666234360460295	3.4978400684283035	0	1
797	0.16403536486792256	15.657741488817337	1	2
798	0.24895675336806333	17.03115658850953	2	1
799	0.14389771130618143	15.906218745359272	1	2
800	0.016929681662956966	2.9660563363888173	0	0
801	0.03852271667309992	6.502780537316141	0	0
802	0.035473733110611506	7.9427612867009145	0	0
803	0.17059726605598616	14.240827733722131	1	1
804	0.3626520942128234	20.824797506415152	1	3
805	0.24446018235145217	37.769201123318425	0	3
806	0.16667291675924675	8.083837851175312	0	0
807	0.23213133425378393	19.711369676075552	1	3
808	0.08727097705832544	9.134265815883463	0	0
809	0.0636955039548558	11.593843304098721	0	1
810	0.3833184147833445	16.865139109256752	2	3
811	0.2779103635927614	20.842285002579114	1	1
812	0.12424077639515259	6.256105659046836	1	1
813	0.003824423567781192	2.486079563711143	0	0
814	0.07578730169766477	6.012010293627942	0	1
815	0.1876795802525802	24.239492447696776	1	1
816	0.05293119198992982	5.384149184149184	0	0
817	0.25572752056487374	18.883831446331442	1	2
818	0.09352571749525578	29.218110508566816	3	3
819	0.3365291611724851	18.666073305779186	3	3
820	0.07698797497470426	21.51924076525469	3	3
821	0.08111550594744153	8.243055555555557	1	2
822	0.3631947843329256	13.36832424111836	0	2
823	0.012711973250039971	9.220659131030647	0	0
824	0.06705217327248579	5.066437736034922	0	3
825	0.30169303188463154	19.238551217668526	1	2
826	0.22569261707657032	13.691763465292876	3	2
827	0.34701980062859494	19.046055346442344	1	2
828	0.31057612968361714	15.318999666484185	3	2
829	0.12738938828520568	13.167795929560633	1	1
830	0.15273932284241928	18.484918717557694	0	1
831	0.01600289944404113	6.226113897282628	0	0
832	0.08150817483858966	16.05099149216796	1	2
833	0.23801491985460146	25.45590536914066	3	3
834	0.13740604935964154	8.8758424581954	1	1
835	0.3003785481022299	21.872081926949665	1	2
836	0.3549011703132884	23.208199806729212	2	2
837	0.1766031948891199	13.78625815039868	1	2
838	0.3998889659851403	23.915853079668864	1	2
839	0.008464840831478485	5.350347283435518	0	0
840	0.005139094216039659	2.0601739763504474	0	0
841	0.08388609203310142	11.59234851107075	1	1
842	0.289370701892911	15.569608938533086	1	1
843	0.34954069556890877	15.35193523796465	1	1
844	0.36632078772333726	18.600357219320067	3	3
845	0.0825080433253092	15.281992517286636	1	3
846	0.09270925172794241	7.301502745620392	0	1
847	0.20102003222744674	17.924014678132323	3	3
848	0.2394466679337438	10.83178696088913	0	0
849	0.14086024123981056	12.09198396763345	0	1
850	0.30857500839354807	16.748193473193474	1	2
851	0.07644379372374531	6.137812411187024	0	0
852	0.32433994101300345	20.233747805342226	2	2
853	0.011978273337400551	14.918654406309203	0	0
854	0.07137896248227313	9.476406028611912	0	0
855	0.09833301086333811	11.245877992425308	1	2
856	0.023675497848475925	5.304380805812695	0	0
857	0.33031939680279593	15.732424690257172	1	2
858	0.15946137277537104	19.31263357236233	0	1
859	0.219958100228819	23.10111710185239	2	2
860	0.12196592486580037	15.849163886509086	0	3
861	0.1313633356601943	21.061276240958897	1	2
862	0.2811299173775029	17.953607258754314	2	3
863	0.056240262160435955	10.902514457506719	0	0
864	0.19020846095876884	12.245310082074788	1	2
865	0.06688504352455067	21.37786779783683	1	2
866	0.41079642244099923	18.27061533238003	3	2
867	0.051180318081017404	20.837764978623767	0	1
868	0.13722136571997645	23.4132980151943	2	3
869	0.1994767733968421	13.128264723341447	0	1
870	0.1651938096891049	17.91934454434454	2	2
871	0.3564894404285512	19.867689010336065	3	1
872	0.1671138747822703	11.0589980738739	0	1
873	0.4148509450076227	16.400312854948403	0	2
874	0.15551653175382263	28.744856240250968	2	3
875	0.0810290793948537	19.599086878034242	0	1
876	0.09410248942470192	9.940079365079365	1	1
877	0.1883464306821537	11.71780327515622	0	0
878	0.04187943996500645	7.239592167378547	0	0
879	0.12235151210568407	14.395084877283018	1	1
880	0.3635387352028563	30.067886198768544	2	1
881	0.008959041805096678	3.8272222935303435	0	0
882	0.09976637261770681	5.795757918552035	0	1
883	0.28879468357400456	18.645829368429986	1	2
884	0.08768189882826449	14.23027270716899	2	2
885	0.24520037521807825	14.734100986732566	0	2
886	0.4979944717974454	15.1154170176229	1	2
887	0.31189061405060897	23.63186470392352	1	2
888	0.3722876193273296	17.42119410087676	1	2
889	0.13267545784106125	21.836952422362632	0	0
890	0.03159752885572841	18.880186273994322	0	2
891	0.11775998955585743	4.759179382708794	0	1
892	0.2155929011645255	30.514103344420338	3	3
893	0.34955484844658	15.295801502419149	3	3
894	0.22258872410114605	16.051313633047375	2	3
895	0.2087591777114262	17.02608640929074	1	2
896	0.34936236367924356	27.294772202565973	1	2
897	0.031743187361759566	8.781826137398893	0	0
898	0.21904072485332177	19.312166587282682	1	2
899	0.03591642968477575	7.9962600694798835	0	0
900	0.07163631742349047	14.532436428828943	0	0
901	0.3790795691816762	22.73621321488968	3	1
902	0.08000981634386346	11.122843945924107	0	1
903	0.1055397933665441	22.521963262056133	0	2
904	0.3772192799338023	18.84625286545464	2	3
905	0.14662361810887722	18.03516923822651	3	2
906	0.10908280398125077	28.669739002827225	1	1
907	0.07533866288762911	6.623548843881325	0	3
908	0.00800555218791824	4.251509292221366	0	0
909	0.44689524846922357	23.70741268535386	1	2
910	0.13092859658420292	22.519629961541717	1	1
911	0.015599769565182796	3.8095140970140973	0	0
912	0.05980095662699701	20.474238974819464	0	0
913	0.27792829948782066	21.250033544886485	1	2
914	0.21474293224303306	9.133998354586591	0	1
915	0.2672115703290709	20.5674745189451	0	1
916	0.12899208557501904	14.880405026689854	2	0
917	0.1033412116625368	9.819312641711349	0	0
918	0.09308176904159791	23.152023724469533	0	1
919	0.3699702989278482	15.14738381673366	0	1
920	0.45647251986342263	14.18274800964429	1	2
921	0.04156338949529451	6.664349212878625	0	0
922	0.38399994822254446	17.225820510123572	1	3
923	0.3718606196774306	17.78890578375872	1	2
924	0.3982901063668748	17.92569995364113	3	2
925	0.2699337032610531	15.23496092830458	0	1
926	0.105248052849299	16.248013703702554	1	3
927	0.11293485581092305	28.70704577070675	1	3
928	0.44322478451121566	16.691181324695254	2	3
929	0.19234775537683918	15.123384199444228	1	1
930	0.09685793983755575	12.063539891481067	1	1
931	0.44894513148765364	16.22337556234615	3	3
932	0.45372564124632236	20.84819230906692	1	1
933	0.06483034835613159	13.169078547871122	0	2
934	0.11829505755102925	10.683151985837409	0	0
935	0.25201907742150476	26.16670951597422	3	3
936	0.8335268512804481	22.042018030988615	3	3
937	0.074624917084576	10.664190636729	0	1
938	0.3198258183952244	23.320391454950272	0	2
939	0.12028987782413972	17.849720622514738	1	2
940	0.3249076467175606	20.97934678261269	2	3
941	0.04728570635369436	11.482862970362971	1	1
942	0.11761637295975914	5.969209711856771	0	0
943	0.32290951741392326	15.436134208928326	1	1
944	0.2137827989590152	21.221808643712667	0	1
945	0.057566909088371775	9.481183359124538	0	0
946	0.09596284884551401	17.347686188940052	2	2
947	0.25156973659649506	24.756845075513468	1	3
948	0.12308757033641342	27.66474159076291	3	2
949	0.29671265564838845	20.547450627288082	2	3
950	0.09633307940444312	8.561515942142542	0	0
951	0.14571070008263584	10.886575719602037	0	1
952	0.057053631526831045	11.452383723088058	2	0
953	0.029652196853573506	5.905725646902118	0	0
954	0.25539381688127843	12.303957970134443	1	2
955	0.1799536170341389	12.830597204877055	1	2
956	0.35182612196072915	24.212181871276297	1	3
957	0.32868340424452797	17.06355796766013	1	2
958	0.15175652201123174	18.936316766309023	1	2
959	0.13861924712857693	25.274899214992082	3	3
960	0.051061543373956526	17.217572537541578	2	0
961	0.17337211525738444	19.372393374599252	1	2
962	0.2603728589491044	16.602238366208955	1	1
963	0.26035035646973526	14.732973072678954	3	3
964	0.4238553195910792	14.380295766325176	0	2
965	0.42716839791669015	17.7319340789929	3	3
966	0.06141792667360453	11.03588891179415	0	1
967	0.19660140449058078	21.00356561223434	2	3
968	0.16293025265906314	16.60249099399725	2	2
969	0.17572876654287573	12.216101814646372	2	0
970	0.09862571974496234	15.995178690418626	1	3
971	0.35270743203053245	14.313166245519184	3	3
972	0.10175752606978572	15.791093297827041	3	2
973	0.31906084361106285	20.554822301881124	1	3
974	0.021078411051429057	4.716933119788484	0	0
975	0.3500420290051984	14.202409028879615	2	3
976	0.20472128147959034	18.933285196056087	1	1
977	0.3870558569054933	20.360232169790994	2	3
978	0.08132450806463475	16.724402245949555	1	0
979	0.274093463697939	33.657492503196835	1	2
980	0.24089066404033924	18.447053823369608	1	1
981	0.25880283258848075	26.61506918004596	3	2
982	0.15313842679411874	21.217109361227003	3	3
983	0.1302925659454628	26.39829329167564	1	2
984	0.12178898100930324	27.800391889298538	2	3
985	0.050577564370191244	23.696799498231385	2	0
986	0.07485600958473289	12.000299515585892	0	1
987	0.35569830471347325	17.349605356803497	2	1
988	0.5067845464420164	14.049046460075871	1	2
989	0.23405107162371325	23.849341536802832	2	1
990	0.22203209279578523	21.34623780782415	0	2
991	0.06460973862562266	5.529237875987102	0	0
992	0.05860953191204042	12.291583614184233	1	2
993	0.039946050271533945	4.109533375980744	0	1
994	0.005761039982242449	7.866269841269842	1	1
995	0.10175432217862926	21.37325362527274	1	3
996	0.1913037267940025	23.316930664159422	1	1
997	0.05098450689132194	16.303155994332464	0	3
998	0.16190207406376927	20.19456998670553	1	2
999	0.05585573178816516	23.979569029182024	1	2
1000	0.11681728394429619	8.526846934679417	1	0
1001	0.07056062808883197	19.771413510809793	0	1
1002	0.08010123465547879	17.639499565621847	0	2
1003	0.5576970369867723	18.587805495158435	1	3
1004	0.3928703416442245	20.382597957597955	1	2
1005	0.17734103016725533	17.081841116399936	0	3
1006	0.3195258651734225	14.71858941711883	1	3
1007	0.34486668656291036	19.94560927118976	3	3
1008	0.2745925053823406	18.73168194744786	1	1
1009	0.2781699930405484	30.323108955887584	1	2
1010	0.1438400874617742	11.110167855020798	1	2
1011	0.3348304193135077	17.15562305341717	1	2
1012	0.05338853482421873	10.810858919426694	0	1
1013	0.21520169246741877	14.697645842513925	1	2
1014	0.07468620780110698	30.028660675409892	1	2
1015	0.27486893254130634	19.76583481448032	1	2
1016	0.17124918727088417	9.16735037837979	1	1
1017	0.033845929430372464	19.0556630203302	3	0
1018	0.10037242582145049	13.016193442593364	2	0
1019	0.03951193658044183	5.988290343127804	0	0
1020	0.11194925242954733	9.620204216596733	0	0
1021	0.0372802608226852	9.543959592179407	1	2
1022	0.40745480121184496	14.893302672559638	1	2
1023	0.16831082283781565	8.090572946145702	0	1
1024	0.09051231494959512	33.18527190776348	0	2
1025	0.5208849333867895	15.661746728503694	1	3
1026	0.15665854966773862	16.354405384141884	1	1
1027	0.3311919381477504	15.351039075303778	2	3
1028	0.03544952058478195	5.204862606657936	0	0
1029	0.2530741996340777	16.47812710165651	1	1
1030	0.01982961916707965	9.127799977799977	1	3
1031	0.27721338736943985	30.747460992739622	3	2
1032	0.09534153159691139	15.136559780948325	0	1
1033	0.06994957511751763	17.940159225879036	0	0
1034	0.16504664506586936	14.59409507760901	0	0
1035	0.14972758929519087	15.395750938088394	1	0
1036	0.21516532716763784	12.029641436994378	0	1
1037	0.28386846267870175	32.33582448384238	1	3
1038	0.21179423899472463	27.22183770672126	1	2
1039	0.11545466296069723	17.56166840984952	0	0
1040	0.005740924323446283	7.405555555555556	1	1
1041	0.15182183979200936	20.860080647131387	1	3
1042	0.3056709237336233	8.609860972360973	0	2
1043	0.23498367313524537	15.456527764461196	2	3
1044	0.0874476691676818	20.011552336552334	0	1
1045	0.25357255954865254	17.314250945133296	1	2
1046	0.002079035114264515	2.2425185925185924	0	0
1047	0.06305089070952306	24.03333019450598	1	1
1048	0.35274525698355386	11.489729813530122	1	2
1049	0.24601451798477675	17.044854900001955	0	3
1050	0.1493348979662116	30.385733315532065	0	0
1051	0.0028704621617231417	1.243116034292505	0	1
1052	0.27306580824730137	17.774160535886537	1	0
1053	0.5316176241533288	20.60499410719999	1	2
1054	0.02496190514624391	4.297928868517103	0	0
1055	0.18130990784074658	24.615043534896476	2	3
1056	0.38189429698493715	11.34929147649736	1	3
1057	0.3507892031810627	18.702566795949146	1	3
1058	0.04738508716631996	10.960898660163366	0	0
1059	0.21033646591328897	18.828800907554772	0	1
1060	0.21116741016083024	23.921203216288344	0	1
1061	0.25471905804409406	23.33278559246051	1	2
1062	0.19121761045533647	12.21449506375977	0	1
1063	0.11110192022937015	12.374921990634064	1	1
1064	0.07466161689959357	9.754860703676158	0	0
1065	0.3344894190541895	23.41854077295253	0	1
1066	0.17648760126133684	18.140976005866968	2	1
1067	0.39371324764197707	25.319007561925517	2	3
1068	0.1516580270486124	25.650749147653162	1	3
1069	0.054330097600765556	11.381786187668542	1	1
1070	0.12486557620383446	12.960310561471555	0	0
1071	0.16234687865410952	20.72135062649768	2	2
1072	0.09890318639700538	10.899685690126867	1	2
1073	0.09358521647201053	33.24077582634082	2	2
1074	0.03242536520476691	9.078162154323147	0	0
1075	0.11404855043903671	16.986477450138437	3	2
1076	0.05827877749778431	40.34743146860018	3	2
1077	0.05519736822258789	19.49919863418315	0	0
1078	0.039657596262891844	5.293896856721598	0	0
1079	0.06806890077627678	26.845230563434548	1	2
1080	0.23162257381142679	16.151884364345662	2	3
1081	0.19795536757450066	14.198894977571445	1	2
1082	0.24210670134846263	17.301376222390154	0	2
1083	0.12992403710665698	12.193742368742367	2	3
1084	0.05316108566310755	7.529735031050821	0	1
1085	0.008602525668781112	6.471838189330449	0	0
1086	0.3175785059353446	11.41398754324451	1	2
1087	0.00015120516485693899	1.3617216933393406	0	0
1088	0.33917819757152	25.23078430857068	2	2
1089	0.1635982401838861	12.706060606060607	2	2
1090	0.03230486931281133	5.225360906312246	0	0
1091	0.15208599674547185	9.324477113873401	1	2
1092	0.257491174112208	10.630826281561577	0	2
1093	0.016347884809569575	2.694951758767548	0	0
1094	0.22555653019400604	26.188349799495303	1	1
1095	0.0274874970699695	9.806280952449683	2	0
1096	0.19870282695640953	25.086132164189433	0	3
1097	0.28550538447031976	11.962112152553331	1	1
1098	0.16041459652585413	13.158741258741257	2	2
1099	0.47249311024748253	15.814736897089839	3	3
1100	0.04482137656940621	17.398321005843883	1	2
1101	0.38191894129085996	15.955776494747083	1	2
1102	0.0642211131004925	18.52285565741447	0	1
1103	0.18866496898490473	17.98193415201929	3	3
1104	0.08565616170543526	9.09226349415978	0	1
1105	0.04574638644798131	4.7762827214065595	0	0
1106	0.14461769822288426	27.519799059094375	0	1
1107	0.35975691277477717	23.662611000110992	1	1
1108	0.01564768045588893	3.7609517933047343	0	0
1109	0.35744851419193235	21.180271369721495	0	2
1110	0.23183807647973392	18.560673313614487	3	3
1111	0.2639716982952017	11.095950944480357	1	2
1112	0.13313084750845333	6.3365484259985525	0	0
1113	0.13760768386016822	24.385879117666704	2	2
1114	0.08486964008444306	23.61777229908034	3	2
1115	0.23381602128005533	22.19553934627463	1	2
1116	0.07618756928489996	22.729406099651076	0	3
1117	0.20115446296751074	16.38799533799534	1	3
1118	0.07981705215357139	6.567326546003017	0	0
1119	0.22743711454980647	25.98487866192974	0	2
1120	6.357394054802348e-05	1.223158639606008	0	0
1121	0.11738086136185602	10.818038401451377	1	2
1122	0.043825107539807555	5.349507926713809	0	0
1123	0.3828119258723601	12.155879088232028	2	3
1124	0.011200863036523902	4.584411477755131	0	0
1125	0.10763774116412969	12.543853450471097	0	2
1126	0.0710799846226073	8.39405871905872	1	1
1127	0.2994787899415311	19.075849455841713	2	2
1128	0.28333817608137873	21.896948966066606	1	3
1129	0.43937179398896054	12.011628279701036	1	2
1130	0.2509429470749715	16.004342303723107	0	2
1131	0.2105212522974151	16.67148870501778	1	1
1132	0.4562367122643085	16.44859576697812	2	3
1133	0.13162174678507063	14.202154789654792	1	3
1134	0.04179207079375352	6.493856040760066	0	2
1135	0.025440978108925188	3.216212307868318	0	3
1136	0.05033553700366152	10.443644792599903	0	0
1137	0.4487592694780555	17.519522591271816	1	2
1138	0.07560900827793053	9.300285040485608	0	1
1139	0.09628329362276436	17.767433791698494	2	0
1140	0.08007042453022087	4.626645207217962	0	0
1141	0.02972973824158219	3.4920908726636286	0	3
1142	0.3255033400682731	15.36277857419498	1	2
1143	0.041628675557050444	6.330556122583985	2	0
1144	0.012346785570084371	11.233083583083584	2	0
1145	0.1366991762812829	24.448432222045753	1	1
1146	0.27448636304638063	20.69887983103927	3	3
1147	0.1299165302098264	18.66344256019178	2	0
1148	0.07441516320259473	30.141972070121874	1	3
1149	0.13217904845907852	11.995320692379515	0	1
1150	0.3033233948758975	17.76951126788587	0	2
1151	0.20670420060814823	14.307421656020058	1	1
1152	0.12113117030401871	13.120599760576539	0	0
1153	0.03241818584616972	10.544652462260824	0	0
1154	0.2558970909707366	18.668627287744933	3	3
1155	0.14282463111798346	8.705912078977095	0	0
1156	0.2851837750384601	30.833175229707393	3	3
1157	0.07881475623657119	8.727736517868097	0	1
1158	0.09104701505074526	11.4677024343046	0	0
1159	0.221595235703963	11.224581673281028	1	2
1160	0.4725155484814409	17.169611331221233	1	2
1161	0.09202062025432188	26.943483640542457	3	3
1162	0.027273809655236174	6.817209655034397	0	0
1163	0.4892351411927269	23.61883594841765	1	3
1164	0.12756297971628844	20.43509328390907	1	1
1165	0.09716392989622871	12.117788502347327	0	1
1166	0.13863935559128004	14.628516272169524	0	1
1167	0.42818185319516083	22.761143105260743	1	1
1168	0.06749988988367099	14.816127680369167	1	3
1169	0.05398627188980496	16.376173744556098	1	0
1170	0.12406880772264188	8.180332187816372	0	0
1171	0.10634280987041944	22.223060762766636	1	3
1172	0.38593724201607205	23.76923917156115	3	2
1173	0.16480603985678635	14.851328150917595	0	1
1174	0.08906352820167258	14.93219568099599	1	2
1175	0.19645147185181616	14.259841773517905	0	1
1176	0.1586380389514064	15.507907519261668	1	1
1177	0.05944899375902835	33.61939663363812	1	1
1178	0.2657292088719381	14.503546981913855	0	3
1179	0.055621922013430934	7.954889391654097	0	0
1180	0.18710114587162952	23.188521033490062	1	1
1181	0.20970684147285598	21.685368716251062	1	3
1182	0.19398130305791902	19.350444163679455	0	2
1183	0.15374232277853836	21.747759248200083	0	1
1184	0.03285171467675669	9.165541153892548	0	0
1185	0.06312872448468432	31.861961722488033	2	1
1186	0.023202733550818526	4.305214066978773	0	0
1187	0.09231130945167319	6.138340452117543	0	0
1188	0.06328843817701152	12.909242146742145	0	0
1189	0.0275050816892086	4.745405879809904	0	0
1190	0.24591711808392971	39.04993969122216	3	3
1191	0.2600988633142033	20.991370063544977	1	3
1192	0.049018848478148275	20.339460520783703	0	1
1193	0.3507979343414502	13.79227822830764	1	2
1194	0.010585323686366605	4.494451790040025	0	3
1195	0.007606710519913424	1.6649595287753183	0	0
1196	0.17817820173441754	12.095190933077927	0	1
1197	0.31903805549704817	26.44810769296063	2	3
1198	0.038826139509089905	10.933894657114475	0	0
1199	0.21784333491609212	20.006944689297626	2	2
1200	0.08941977820213971	23.811567397171103	0	3
1201	0.003323885783072643	4.496081184896974	0	0
1202	0.03926614477422518	4.705372156223549	0	0
1203	0.3151494584598663	11.706261484473561	1	3
1204	0.2477511162285552	15.174195738901618	2	2
1205	0.20340258540071585	17.77615236071118	0	3
1206	0.36437351664797546	25.08525665510959	2	3
1207	0.21750264118939847	8.998261804415057	0	2
1208	0.08145162283077302	8.438233497033472	0	0
1209	0.23673427201971184	16.821268626454383	3	2
1210	0.04526247476075369	8.998230215365766	0	1
1211	0.20587895284415833	24.099769053204902	3	3
1212	0.1532416225954975	16.336155184684596	3	2
1213	0.020104385500357085	5.963874442550912	0	0
1214	0.13644744283894245	13.73609829712771	1	2
1215	0.08739991962442538	7.385326945156666	0	1
1216	0.16811011358274253	10.430638272975735	0	1
1217	0.0072338329970061	8.518366355866355	2	0
1218	0.5064589893060057	17.428299048732487	1	1
1219	0.04100423478660002	8.28023887876829	0	0
1220	0.0803319680824307	6.487025719378661	1	1
1221	0.11098958865193337	8.713114889291024	0	0
1222	0.04096153872114498	10.826222225486932	1	2
1223	0.0826000930877533	15.815544358462311	3	1
1224	0.10024202152513771	8.62497593995272	0	1
1225	0.02424934921658506	5.318974910538378	0	0
1226	0.3088768303641244	12.680843163114837	1	2
1227	0.22240073486977266	18.624580789867164	2	3
1228	0.06599698650709658	9.839499314978854	1	1
1229	0.15895612384939328	24.28816738816738	0	0
1230	0.08410394284300755	33.569374054102816	1	1
1231	0.3747779733041463	22.554202660085007	3	2
1232	0.2531887757389217	17.118065757771635	1	2
1233	0.0680947329808406	10.434641509385756	0	0
1234	0.02427048906607425	3.4081512441806563	0	0
1235	0.1766031948891199	16.608868779998808	1	2
1236	0.14128129251952778	16.740133381634585	1	2
1237	0.02621039179524269	5.718354684531155	0	0
1238	0.3063058609953083	10.593248864998092	0	0
1239	0.16424894366246717	20.663745482243925	1	3
1240	0.07872924608228367	9.61948833330412	0	0
1241	0.13747870305215315	20.54674458089285	0	2
1242	0.029063112691055628	8.097340404693346	0	0
1243	0.1526389602554142	15.068846143536543	0	0
1244	0.08887677910993079	10.85583036244801	1	2
1245	0.30824081041844326	11.544198220939707	0	1
1246	0.21474781402594664	21.439601574895686	1	3
1247	0.32108750381187895	30.351543752085536	3	3
1248	0.08546119980803848	13.718072201276538	0	3
1249	0.03790624535907935	5.661924491916753	0	1
1250	0.11782127818085039	18.707343881608583	3	3
1251	0.2942265492505134	17.107144180209197	2	1
1252	0.39493787746792297	11.987676702382586	2	3
1253	0.03688910934380368	6.2015686927451625	1	2
1254	0.2899534439677169	17.85333636951284	1	2
1255	0.06993511378227962	12.667463294359582	1	2
1256	0.046593135227867545	4.255508217272923	0	0
1257	0.15883265458417914	15.927524475008994	1	1
1258	0.1449443090653166	20.969275210737717	3	2
1259	0.045703090923070164	8.980236851212084	0	0
1260	0.10543127037461777	10.624753882392863	0	0
1261	0.2339384637687052	15.065857671740027	1	2
1262	0.18465076504756375	16.25785653974508	1	1
1263	0.06554486571133655	12.970505883005883	3	0
1264	0.1550557116528271	12.955348285185748	0	0
1265	0.015163910016419148	3.939648913178325	0	2
1266	0.14699317136689324	21.922324081147604	2	3
1267	0.036875042643925236	5.783009267993788	0	0
1268	0.0452108805830233	4.076252647421378	0	1
1269	0.07232221001817923	16.042571317571316	1	2
1270	0.030049698063415398	9.592697966807874	0	0
1271	0.24976200581408425	16.772985833396046	0	2
1272	0.14600342441487374	12.78201186068833	0	2
1273	0.2581601356913234	21.805380159056625	3	3
1274	0.0915314382165629	12.365840546211391	1	2
1275	0.12122635861903781	11.48721186364375	1	2
1276	0.01474116476500925	8.612334887334887	1	3
1277	0.17587749995703633	8.508663575846239	0	1
1278	0.12917683666287727	16.098763774924766	1	2
1279	0.007835614084852099	2.467379679144385	0	0
1280	0.06617348145816337	14.31562553224284	0	0
1281	0.041129690381348206	8.30761376995897	0	0
1282	0.13165062476912265	23.31171057894708	2	2
1283	0.23601470940798316	14.333339184035776	1	2
1284	0.0948861555826403	8.363937451437451	0	2
1285	0.14355848732789173	24.03006723668488	3	3
1286	0.042916472991539736	10.36784950945168	0	0
1287	0.15502060438261528	11.589154170786962	0	1
1288	0.07781042639670846	16.810608010840205	0	0
1289	0.30958665450059925	19.632314662088177	1	3
1290	0.30684845960729623	9.475835477731763	1	2
1291	0.03799558441108752	8.821639445865452	0	0
1292	0.14138852904556612	11.181601813219459	0	3
1293	0.37184214350816	18.722232218246152	2	3
1294	0.25807378364894806	21.995688865657897	3	2
1295	0.004522971269682736	5.416183816183817	2	2
1296	0.15324504773932596	10.448636004518358	1	1
1297	0.17969234219575228	13.765633616693648	1	1
1298	0.12921947725124536	10.409959729812671	1	2
1299	0.26309963406628223	12.058509872480462	1	1
1300	0.2155745389341263	19.271340342663866	3	1
1301	0.22138726265866715	17.021783302061596	0	1
1302	0.34578105593876873	15.780392891422302	1	1
1303	0.16350462837752158	22.04177621484122	0	1
1304	0.0012478868617010629	0.7937828511357924	0	1
1305	0.11493450066387798	15.453461921859414	0	0
1306	0.3349961644453796	22.849856739407816	3	3
1307	0.08281373568956464	26.52098870752794	2	2
1308	0.19741029107715596	11.894339810516282	1	1
1309	0.00038359302939867316	2.2942515817515816	0	0
1310	0.04032541143824964	4.8495296441268305	0	0
1311	0.22250907103907214	25.16099702670909	3	2
1312	0.33660260540524795	15.50249276866924	2	2
1313	0.2514855293980562	24.933712003734875	1	3
1314	0.36440908842851416	13.669488844488844	1	2
1315	0.047192823599009885	7.51261167023551	0	0
1316	0.33232296840272263	15.668187435423938	1	2
1317	0.05801313341611347	10.337765747324571	1	1
1318	0.09292323393967851	23.32017827504601	3	2
1319	0.04853028535018499	13.228787878787877	2	2
1320	0.12395530354594543	18.013579884168113	0	1
1321	0.10067107400732306	15.769849676467324	2	2
1322	0.2405603249870276	19.054752334009294	1	1
1323	0.23223775185522	20.122273389254136	3	3
1324	0.055413483053648405	8.707790174446187	0	0
1325	0.3868503051323162	31.730098577892687	3	2
1326	0.44082353154569376	18.56945260621731	1	1
1327	0.2924663664228062	11.307485243514655	0	1
1328	0.2116183263532151	10.862106194459136	1	2
1329	0.06311267962711549	3.432856011377683	0	3
1330	0.2858749837713874	12.198707024829314	0	1
1331	0.04894432203523639	15.971499376956029	0	0
1332	0.04600480687262775	13.059145021645021	3	2
1333	0.16802102368136645	27.803750493572466	2	1
1334	0.059280096150721384	13.476986901986901	1	1
1335	0.1967932484236255	17.752798515778053	1	1
1336	0.05619543770551601	13.627497665732959	1	2
1337	0.07453360785098812	4.805427578956991	0	1
1338	0.322348665418098	21.20751976781388	1	1
1339	0.197267285989463	17.889301185794647	3	2
1340	0.08152742122529595	9.697177303709138	0	0
1341	0.11208192265740084	19.603208676428487	3	2
1342	0.2676602594855912	19.64548636198757	0	2
1343	0.03617558057489465	11.667959203679022	0	0
1344	0.1946005711319198	16.130129971196396	3	2
1345	0.15232877051641402	16.97320161348799	0	1
1346	0.16933280344589338	12.026046992223463	1	2
1347	0.000542482464607385	1.3649654868695116	0	0
1348	0.042347013924714516	11.867141681847563	1	0
1349	0.32574049926541526	23.61329575847344	3	3
1350	0.19101839440790025	9.77197810359575	1	1
1351	0.20961576356148628	24.83592396165925	1	2
1352	0.026335602228663827	2.4471405013974676	0	0
1353	0.052671204457327654	5.449799717191022	0	1
1354	0.21211784702617004	18.6909170164201	1	2
1355	0.06202788401057468	6.786858239799417	0	0
1356	0.214493735208392	29.64748143583282	3	3
1357	0.27221179757451	22.62640749773102	1	2
1358	0.040208771000714155	4.636852632456011	0	0
1359	0.1820258725320541	9.384350225797595	1	1
1360	0.014467665994012198	4.641085140349846	0	0
1361	0.009401368708400892	5.5767537414276545	1	1
1362	0.09967426887805537	18.080103139894156	2	0
1363	3.7167267088704013e-10	1.1928571428571428	0	3
1364	0.07258812731320649	5.786559823905025	0	0
1365	0.07366663398283128	23.22755131566209	0	1
1366	0.03257269771341405	11.70208306485396	0	0
1367	0.2658015994495517	13.203554937494566	1	3
1368	0.3086667111116867	26.035447321220968	1	3
1369	0.03222130823532325	13.036600735865441	0	1
1370	0.4204578692160548	18.015543666859458	2	2
1371	0.1753786369286982	10.762971750471749	3	2
1372	0.2529476583848175	15.299788389509413	2	2
1373	0.1332879398964677	20.43065421700836	3	2
1374	0.8990910290423088	17.039368818316184	2	3
1375	0.25246355289988154	27.770309443327342	1	3
1376	0.0428656685449481	8.152811700683218	0	1
1377	0.15386647533349845	19.41708985458985	3	3
1378	0.2200329902777266	15.300176301391133	2	2
1379	0.2126198956205672	15.605738130118931	1	2
1380	0.22982584851778748	18.638267133623167	1	2
1381	0.3274864277797094	9.379829565858978	0	1
1382	0.11882501667586945	18.145844083901018	0	2
1383	0.32120419039716175	11.994848349105315	1	2
1384	0.038411398829338264	14.11668692355191	0	0
1385	0.33084710771704645	17.442982582022154	0	2
1386	0.3080886042340204	17.24799822210813	2	3
1387	0.07405870098069608	4.948916052128126	0	0
1388	0.016380870691318886	2.2676269593839256	0	0
1389	0.06951563456310833	12.832514256469366	1	2
1390	0.2066369778364389	8.137825618877914	0	0
1391	0.01012112228196245	6.5837606837606835	2	2
1392	0.16662300453080356	8.047672953981003	0	1
1393	0.2903150693551767	8.616090832112505	0	1
1394	0.08831807750612382	22.06981820209373	0	2
1395	0.06272879355128166	6.010475124290915	0	1
1396	0.23865957523444484	17.457834975482026	1	1
1397	0.3196649406645318	21.561144411144408	3	2
1398	0.07987250501205759	6.89601858409908	0	0
1399	0.1142877083504153	9.670532765308307	0	2
1400	0.1267801393158755	9.825557370270658	1	1
1401	0.3860576217069467	22.016279064073178	1	2
1402	0.01718792677961104	5.73409145893666	0	0
1403	0.1314464713721809	21.89085661070955	1	2
1404	0.07623430302483132	16.94384887987828	1	2
1405	0.19309747801878485	17.72672727599198	2	3
1406	0.3061797353896978	15.53481526643291	3	3
1407	0.19716337261602832	12.737914961715273	3	2
1408	0.07174819054654062	9.365065149213422	2	0
1409	0.2654178483073083	16.33708007678596	1	0
1410	0.26935143460041183	17.916450216450215	2	2
1411	0.18818828718444555	23.280888455593995	2	3
1412	0	1.6061904598669305	0	0
1413	0.10916602979694924	23.243094525873158	3	3
1414	0.19405369834421007	15.847670625727899	1	3
1415	0.9151983950372075	16.31229824097471	1	3
1416	0.3060620581532645	15.519872855902268	3	2
1417	0.03849381331777453	1.1674212010899316	0	1
1418	0.21160656980856346	21.811736874236868	1	3
1419	0.2254505113472875	10.978495360848303	2	3
1420	0.19964578445708672	18.993397458234917	1	1
1421	0.183259885711126	25.756406991701105	2	2
1422	0.2018827934242355	8.819573857515035	0	0
1423	0.1602575762547574	9.628126064905913	1	2
1424	3.6586772664343793e-07	0.6444444444444444	0	0
1425	0.06986922323123648	21.94952526833331	1	3
1426	0.15677022588229547	11.430249733926205	1	2
1427	0.13205089580734727	3.881837606837607	0	1
1428	0.043283950100122814	18.552284995706035	0	0
1429	0.37421074486496675	12.782822079880905	0	2
1430	0.3438061592801963	14.273691478799837	1	1
1431	0.09723115445932193	10.832504022689445	0	2
1432	0.28141451940977236	20.393867229486087	0	3
1433	0.041867955581872916	22.00750657002171	1	3
1434	0.009275678479659146	3.4431172156017356	0	0
1435	0.1595754696114635	17.288713009780782	1	1
1436	0.11275113428976634	15.219348217142336	1	1
1437	0.11574272509755806	20.800030688265977	0	2
1438	0.00461242175246734	6.928311965811965	1	1
1439	0.19300134940538816	10.760108355696591	1	2
1440	0.05680327937714805	7.920528083028083	1	1
1441	0.026534969056570917	3.3479864977307434	0	0
1442	0.08161414111929291	28.423358830711763	1	3
1443	0.2630214883003036	12.369798785665658	0	2
1444	0.20368216118184215	18.28600315513594	1	3
1445	0.1985076456994499	23.98753266427414	2	2
1446	0.06069305815385413	12.21487246413717	1	1
1447	0.11377649423861867	6.989828028233264	0	0
1448	0.04966141403248639	7.831803553567922	0	0
1449	0.20829592181322598	14.425621735094742	1	1
1450	0.11736108223018647	5.450204980777736	0	0
1451	0.38957508910599004	25.163944388944383	3	3
1452	6.357394054802348e-05	1.5803030303030303	0	1
1453	0.03856047500807047	10.086234495638521	1	1
1454	0.008147340876260926	4.91388888888889	1	1
1455	0.07402218661949353	7.585592185592185	1	2
1456	0.1628382217477307	13.450177684596852	3	2
1457	0.11792247006517116	13.93281453519036	0	3
1458	0.2894519222217481	12.648445508739625	1	3
1459	0.3963586516840504	18.547836232395053	1	2
1460	0.12114003585947118	15.437179568797212	0	2
1461	0.1471987285947308	16.3804329756258	0	2
1462	0.0944963365690638	16.35721117118176	1	1
1463	0.36381856936128754	19.458400216914146	1	1
1464	0.000376949252706573	1.0714285714285714	0	0
1465	0.27441489575555633	18.783200133200133	1	2
1466	0.12567841185354114	24.472804401107325	0	3
1467	0.004002776093959121	3.131224004753417	0	0
1468	0.26242992179630437	9.282534742519264	1	2
1469	0.2061228345064053	15.740731198625928	1	2
1470	0.12589230023999917	12.97979797979798	3	3
1471	0.12368839334204845	13.830972458913632	1	3
1472	0.3372298389266715	24.82592901164882	3	2
1473	0.504729712031856	25.56015650586083	3	2
1474	0.32794125822398856	16.186530299765593	3	3
1475	0.28899923821332935	17.83064672255848	2	2
1476	0.2305311623195489	17.823523698523697	2	3
1477	0.15493296974970566	21.008336672376238	0	2
1478	0.0781160116811752	10.476118699841612	0	0
1479	0.11922356537540468	21.86514885594505	0	2
1480	0.19349105798117666	21.941079646187994	1	3
1481	0.12040095624272651	18.78141676005453	1	3
1482	0.19378631975449973	9.814200544038009	2	0
1483	0.18195993905434288	13.564718288247699	1	2
1484	0.2909214623049956	23.934871582665696	1	2
1485	0.08732934398270621	27.42580851810727	1	2
1486	0.3040353333721279	17.58741168961757	1	2
1487	0.1287599234983513	9.408688241582981	0	1
1488	0.06359353739033095	5.473717881294609	0	0
1489	0.2118299628493491	13.563361861736473	0	2
1490	0.08282070540415633	11.603735480206067	2	2
1491	0.1016177392900385	18.59048229032749	0	0
1492	0.04016422433046024	35.02727390858195	3	3
1493	0.0009123431196527001	1.1504041709924062	0	0
1494	0.03126068221903181	3.97873417432241	0	0
1495	0.0002241353666568077	1.6065485239398283	0	0
1496	0.19503871157423394	22.154415428912326	3	2
1497	0.028100654532739487	28.23268112606347	0	0
1498	0.32439327383998035	31.910064771829465	1	3
1499	0.2648139003002871	11.207824655788714	0	0
1500	0.11296650837931929	31.123163704014082	3	3
1501	0.1489986159085345	7.839968240393937	0	1
1502	0.08927118015492669	16.561734833793647	1	2
1503	0.0883058957690549	6.467748707261091	0	1
1504	0.08517960116493707	9.731256750645297	2	1
1505	0.3182973782916546	17.499567262802557	0	2
1506	0.4819821661869392	18.10993756415583	0	1
1507	0.11483717754378238	19.30841583018019	1	1
1508	0.05904260339296233	3.870530858030858	0	2
1509	0.06736075942886717	26.552000420211144	3	2
1510	0.36285195712067336	15.526369346392228	1	2
1511	0.1839375671724276	13.228620480826363	1	2
1512	0.15432522610214136	12.86596960830707	0	2
1513	0.16988142917197363	11.641008784816833	3	3
1514	0.04072945106695954	6.786519852696324	1	1
1515	0.06004515884604453	8.328433753657539	0	0
1516	0.008642891807837692	3.5222381978186927	0	1
1517	0.10606718018637179	13.890699088493207	2	3
1518	0.03180889534619902	18.69821976698911	0	2
1519	0.24158183554172918	17.965084588614	1	3
1520	0.34784906222236717	14.696931538533704	0	3
1521	0.20974788409187148	14.566528065382219	0	2
1522	0.26953148647596975	12.141040413834531	0	2
1523	0.05065928861941634	12.375180778973347	2	0
1524	0.11652195488739232	11.47611588038799	0	1
1525	0.13941449792416732	19.347428895493906	0	3
1526	0.15574549262705967	25.41253450991806	0	1
1527	0.1269523304684168	6.814032291238173	0	0
1528	0.5122951615195798	17.90919209359612	1	3
1529	0.036887584623034445	8.904123082799554	0	1
1530	0.13198960851610442	14.502140996258644	1	2
1531	0.3411195612712746	13.031705467734877	0	2
1532	0.029091342771877617	9.0091771962128	0	0
1533	0.10422182361701798	18.058626010212695	3	1
1534	0.8669503082823545	25.680007410889758	3	3
1535	0.38308012923207424	19.69095844815659	1	3
1536	0.28629517177781155	11.734166487107665	3	3
1537	0.14193087880593622	18.198589120082584	0	2
1538	0.018130617398214116	3.799909328717378	0	0
1539	0.19714499506738345	24.278763595365753	3	2
1540	0.12080798788256016	4.903999083991344	0	0
1541	0.06350713399707207	5.1345983651711204	0	0
1542	0.04791246118746247	5.920022194867396	0	0
1543	0.1763871694638156	14.995463768257883	2	1
1544	0.024520037521807835	22.67868081351053	0	0
1545	0.2323126327300095	16.43204335075044	0	2
1546	0.18019370022838907	12.164141414141413	1	1
1547	0.3480491355342636	18.403835625159154	1	2
1548	0.1269961845959325	12.10253902444305	1	2
1549	0.17197708389801117	13.512864975805813	2	2
1550	0.19940517659996226	17.1639153287373	0	1
1551	0.058728266702444805	34.34903726734221	2	3
1552	0.022530797327311024	7.056251651685088	0	0
1553	0.23555439922667806	14.608276626194584	0	0
1554	0.31012887827116903	31.852038093485454	1	1
1555	0.09612735755206217	4.911228735369265	0	0
1556	0.19674991623267407	22.622370590365946	0	2
1557	0.23389347466146035	15.263448213293415	2	2
1558	0.345442354135299	11.889436298995122	2	3
1559	0.2120063125311553	24.60593595431056	3	1
1560	0.30720973723975575	21.594578907504598	1	3
1561	0.06744474194542911	10.037887112887114	0	0
1562	0.03671862781477409	7.888827757210111	0	0
1563	0.19093578574939055	10.661272536597279	3	2
1564	0.11887845436109301	27.00188475525162	2	2
1565	0.47325021592006944	15.091916292341988	2	3
1566	0.19325440603787866	29.73568037140018	2	3
1567	0.1788981965521834	21.639949758927735	1	2
1568	0.12170452578261864	11.463999253240738	0	1
1569	0.015151250565679716	3.1336233211233213	0	0
1570	0.5023106068171578	18.504909224762166	2	3
1571	0.08668559224188056	19.627352535030212	0	2
1572	0.48895335197539785	17.508485262587428	1	2
1573	0.42945296867715615	23.967438199055845	1	3
1574	0.12906184056776382	17.143281718281717	2	1
1575	0.12860909696383882	11.23364319289242	2	0
1576	0.3180158433215792	14.799065693097525	1	1
1577	0.12097329844106013	8.428932423785366	1	1
1578	0.0807072991640142	15.23012722571546	1	1
1579	0.03865801802835607	6.0115616194950565	0	2
1580	0.09054747998207209	14.528735780902965	1	3
1581	0.21868044316226612	11.84631838749486	1	3
1582	0.1361676921432077	5.014300895183248	0	0
1583	0.08907752859952724	7.766374378115865	0	0
1584	0.11096299607646563	6.832458472899649	1	1
1585	0.43531927342948806	18.909193910664495	3	3
1586	0.1891316227258893	12.498109260880156	0	0
1587	0.1187752948993468	13.476109021697257	1	3
1588	0.03534381953380414	12.562855037119741	0	0
1589	0.010411374541661403	2.5857736218030336	0	1
1590	0.18515928500661497	13.338306138306141	2	3
1591	0.24835596389022935	22.682748953197525	0	3
1592	0.1552516876304472	9.503955848073495	1	1
1593	0.043210239420984536	18.026421209509444	0	0
1594	0.21959193432061305	17.88393821950323	1	2
1595	0.12358652669114038	15.53446687901022	1	1
1596	0.055155049487195365	5.979552881758764	1	1
1597	0.05477822604420547	9.375511472531596	0	0
1598	0.012375404913735434	4.655356754752702	0	0
1599	0.14269988950913695	10.695740296219835	0	0
1600	0.13571821057417	10.10985297382356	0	1
1601	0.2640524043564829	19.974184542891628	1	3
1602	0.21394428262035345	15.518695928254747	0	2
1603	0.10696207799797085	12.951780061184087	1	1
1604	0.07419231028616229	13.563579476079473	1	1
1605	0.028769632780338165	4.7919937933247265	0	0
1606	0.2578763861226358	10.24113284977836	0	0
1607	0.07026326327176345	10.756033583308453	2	2
1608	0.11319478053456898	12.276173833271018	0	2
1609	0.20059577517365274	9.76231374834316	1	1
1610	0.031753794199333905	6.099259684244204	0	0
1611	0.35844214610219977	15.519456399293858	0	2
1612	0.10889648207339565	12.928875493271775	3	0
1613	0.2628741334413469	21.90584431907961	2	1
1614	0.28815844720282724	15.220698255992373	3	2
1615	0.09364128789573084	19.171573097749228	1	2
1616	0.07952476193112278	6.732711451999041	0	0
1617	0.20626355143516353	17.123537878530133	1	3
1618	0.21841074759630788	30.196200131997323	2	2
1619	0.039100191059940934	12.991385656826836	1	3
1620	0.38386464866432474	17.682193153647923	1	3
1621	0.3353648167511646	17.975954188570288	1	3
1622	0.07302389828727311	12.500505415636992	0	1
1623	0.19612107353630284	16.67209833360728	2	3
1624	0.018415384916073793	4.251983963748669	0	0
1625	0.11584018219530136	12.115050124454148	0	1
1626	0.2429183985003265	16.05862142243721	1	2
1627	0.17984209484256264	11.747244422244423	1	3
1628	0.24209335379599797	26.324808907123142	1	3
1629	0.0911052507428935	13.089915721533364	1	1
1630	0.11447991166333146	25.289099475515876	2	3
1631	0.1585572345729801	15.873827234856648	1	2
1632	0.4953626436345921	27.771922440304788	3	3
1633	0.16449272732580122	12.980710302769127	1	1
1634	0.447461565429162	20.78923641717759	2	3
1635	0.5058126614366342	14.519354338471986	1	2
1636	0.19222575544900425	12.64862171413188	0	1
1637	0.32296802505659394	21.21820096827836	1	2
1638	0.19233794096471568	21.114659480526353	3	2
1639	0.0770637486530645	6.246768303076353	0	1
1640	0.05856469423465841	12.280552070273098	0	2
1641	0.274859256387441	12.528298743739919	1	2
1642	0.3138736868751225	8.851122252360643	1	1
1643	0.2744800423352197	16.434305005280237	0	2
1644	0.4028457384192143	17.800131404543162	1	1
1645	0.0791161110541009	16.057914478246957	1	1
1646	0.06193397740280677	22.54970105424405	0	1
1647	0.13270514471064138	14.974719117536118	1	3
1648	0.1873478228991367	21.29425104896399	0	0
1649	0.1365043010270491	26.142623164813223	3	2
1650	0.23022188861779735	7.558835321025723	0	0
1651	0.10544268311066331	24.232291129287677	1	1
1652	0.31794829599676433	12.87408669761611	0	1
1653	0.0646978700485762	21.216763326337286	0	0
1654	0.22521938495469926	22.49438771433319	2	2
1655	0.42136068691447554	20.4674073475544	1	2
1656	0.0005736053689962616	2.178612336236175	0	0
1657	0.45689804967817643	13.266354478854478	0	2
1658	0.8825272398231013	21.72861305361305	3	3
1659	0.2352531037465901	16.31126463405875	0	3
1660	0.4048737908836968	13.795295227648168	0	3
1661	0.31091799342979165	19.011968625629613	3	3
1662	0.16069837895084793	20.546255299792104	1	2
1663	0.06426975654752014	14.72161134788844	2	0
1664	0.15279920341217018	36.285854092587826	3	3
1665	0.16491750769238722	24.541676180081406	3	2
1666	0.2112976256364424	12.86776287438052	1	2
1667	0.2151896515949464	23.708478896404593	0	2
1668	0.3015458024797989	15.180020224873166	3	3
1669	0.06961840794061494	13.51068857183408	0	0
1670	0.05405463811495537	20.443349864789486	2	0
1671	0.06202788401057468	11.535284564077132	0	1
1672	0.31660955143550595	12.289389184087325	1	1
